time,latitude,longitude,depth,mag,magType,nst,gap,dmin,rms,net,id,updated,place,type,horizontalError,depthError,magError,magNst,status,locationSource,magSource
2026-04-13T05:08:04.547Z,38.177,-117.8597,9.3686,2.56,ml,18,69,0.309,0.1415,nn,nn00914031,2026-04-13T09:40:37.040Z,"32 km SE of Mina, Nevada",earthquake,,3.0657,0.15,7,reviewed,nn,nn
2026-04-13T04:16:25.132Z,37.5524,-117.742,6.8777,2.82,ml,18,60,0.215,0.1343,nn,nn00914026,2026-04-13T05:49:46.267Z,"24 km SSW of Silver Peak, Nevada",earthquake,,1.9628,0.23,4,reviewed,nn,nn
2026-04-12T17:27:07.280Z,38.83883286,-122.8218307,2.089999914,2.82,md,69,38,0.01585,0.09,nc,nc75343067,2026-04-12T18:38:11.040Z,"9 km WNW of Cobb, CA",earthquake,0.13,0.219999999,0.17,80,automatic,nc,nc
2026-04-12T15:01:23.981Z,42.6672,-111.1533,10,3.4,ml,34,71,0.721,0.4,us,us6000sphy,2026-04-13T00:12:27.040Z,"14 km W of Fairview, Wyoming",earthquake,2.39,2.011,0.03,142,reviewed,us,us
2026-04-12T13:17:43.183Z,32.669,-104.3557,5,2.5,ml,29,82,0.533,0.49,us,us6000sphp,2026-04-12T13:31:14.040Z,"11 km SSE of Atoka, New Mexico",earthquake,2.93,1.975,0.091,16,reviewed,us,us
2026-04-12T11:12:34.060Z,48.52416667,-121.788,5.04,2.5,ml,30,63,0.03722,0.23,uw,uw62233217,2026-04-13T05:35:39.942Z,"3 km WSW of Concrete, Washington",earthquake,0.28,1,0.130924325,27,reviewed,uw,uw
2026-04-12T07:40:45.190Z,37.56783295,-113.0603333,13.19999981,2.63,ml,19,66,0.03499,0.170000002,uu,uu80135956,2026-04-12T08:05:56.031Z,"11 km ENE of Kanarraville, Utah",earthquake,0.47,0.670000017,0.29,28,reviewed,uu,uu
2026-04-12T01:24:28.128Z,28.736,-98.172,5.9612,2.8,ml,24,62,0.1,0.2,tx,tx2026hdndru,2026-04-12T02:05:14.674Z,"18 km WNW of Pawnee, Texas",earthquake,0.695335811,0.678604542,0.1,20,reviewed,tx,tx
2026-04-11T19:41:33.399Z,38.455,-116.5009,6.7899,2.54,ml,14,123,0.682,0.2555,nn,nn00913991,2026-04-11T19:44:04.448Z,"76 km NE of Tonopah, Nevada",earthquake,,1.0183,0.41,5,automatic,nn,nn
2026-04-11T18:12:12.700Z,41.25766667,-124.353,19.27,3.23,ml,66,179,0.2546,0.17,nc,nc75342702,2026-04-12T19:31:08.546Z,"28 km NW of Trinidad, CA",earthquake,0.36,0.45,0.123,21,reviewed,nc,nc
2026-04-11T15:59:19.830Z,47.02983333,-121.2021667,9.05,2.75,ml,60,39,0.2253,0.17,uw,uw62233047,2026-04-12T00:10:49.964Z,"13 km NW of Cliffdell, Washington",earthquake,0.23,5.84,0.168636751,117,reviewed,uw,uw
2026-04-11T13:01:05.007Z,32.2628,-104.4677,10.369,3.2,ml,30,70,0.492,0.39,us,us6000spaw,2026-04-11T13:15:51.040Z,"12 km NW of Whites City, New Mexico",earthquake,1.03,8.43,0.048,58,reviewed,us,us
2026-04-11T00:56:37.840Z,37.42516708,-117.7990036,0.079999998,2.69,md,38,97,0.4319,0.32,nc,nc75342447,2026-04-11T02:18:42.040Z,"17 km ENE of Deep Springs, CA",earthquake,0.82,6.8499999,0.19,22,automatic,nc,nc
2026-04-10T23:10:30.094Z,31.969,-103.335,7.2791,3.2,ml,25,56,0,0.1,tx,tx2026hbmzjl,2026-04-10T23:45:26.040Z,"20 km SW of Jal, New Mexico",earthquake,0.66055101,0.569372893,0.2,25,reviewed,tx,tx
2026-04-10T20:22:47.380Z,31.976,-103.322,7.843,2.5,ml,32,80,0,0.2,tx,tx2026hbhkvw,2026-04-13T08:22:14.797Z,"19 km SW of Jal, New Mexico",earthquake,0.576098887,0.793245266,0.2,14,reviewed,tx,tx
2026-04-10T18:50:00.540Z,31.966,-103.332,6.7151,2.6,ml,29,42,0,0.1,tx,tx2026hbeiwv,2026-04-10T20:53:20.736Z,"20 km SW of Jal, New Mexico",earthquake,0.891739807,0.479227145,0.1,34,reviewed,tx,tx
2026-04-10T06:59:54.260Z,36.9942,-104.968,7.613,3.5,ml,22,82,0.195,0.6,us,us6000snvx,2026-04-11T07:13:53.605Z,"18 km SSE of Stonewall Gap, Colorado",earthquake,4.06,6.451,0.049,54,reviewed,us,us
2026-04-09T18:51:50.270Z,39.72883224,-123.3454971,5.070000172,2.95,md,43,42,0.1088,0.12,nc,nc75341767,2026-04-12T17:25:00.040Z,"11 km SW of Covelo, CA",earthquake,0.19,0.779999971,0.12,63,automatic,nc,nc
2026-04-09T18:43:29.020Z,39.72800064,-123.3470001,4.940000057,2.61,md,38,42,0.1075,0.12,nc,nc75341752,2026-04-12T17:21:39.040Z,"11 km SW of Covelo, CA",earthquake,0.2,0.810000002,0.12,41,automatic,nc,nc
2026-04-09T17:27:18.488Z,31.651,-104.471,6.2537,2.5,ml,25,72,0,0.1,tx,tx2026gzfwsu,2026-04-09T21:25:38.625Z,"58 km S of Whites City, New Mexico",earthquake,1.288571947,0.528097055,0.1,26,reviewed,tx,tx
2026-04-09T16:28:21.903Z,32.02,-93.4508,8.432,2.5,mb_lg,14,66,0.063,0.44,us,us6000spen,2026-04-13T00:32:06.040Z,"10 km W of Coushatta, Louisiana",earthquake,1.76,2.235,0.124,17,reviewed,us,us
2026-04-09T16:15:22.040Z,38.51683426,-119.5558319,6.550000191,2.87,ml,29,37,0.09313,0.21,nc,nc75341672,2026-04-10T02:05:19.093Z,"7 km W of Walker, CA",earthquake,0.38,2.45000005,0.475,19,automatic,nc,nc
2026-04-09T09:37:33.090Z,31.658,-104.318,6.6125,3.2,ml,24,68,0,0.1,tx,tx2026gyqhyi,2026-04-10T09:55:03.815Z,"57 km S of Whites City, New Mexico",earthquake,0.97407868,0.864421079,0.1,24,reviewed,tx,tx
2026-04-09T07:38:03.838Z,31.652,-104.383,5.741,2.9,ml,34,71,0,0.1,tx,tx2026gymizh,2026-04-09T07:51:17.190Z,"58 km S of Whites City, New Mexico",earthquake,0.688051742,0.670069796,0.2,25,reviewed,tx,tx
2026-04-09T05:40:07.610Z,39.51399994,-123.3430023,2.410000086,2.5,md,43,53,0.04516,0.19,nc,nc75341467,2026-04-09T06:27:17.950Z,"9 km NNE of Brooktrails, CA",earthquake,0.26,1.87,0.19,36,automatic,nc,nc
2026-04-08T12:02:23.235Z,28.752,-98.175,5.7206,3.4,ml,26,60,0.2,0.3,tx,tx2026gwzjxk,2026-04-08T16:26:24.161Z,"20 km WNW of Pawnee, Texas",earthquake,1.060505049,1.124641147,0.1,24,reviewed,tx,tx
2026-04-08T06:18:56.677Z,28.748,-98.171,4.4906,3.5,ml,25,60,0.1,0.2,tx,tx2026gwnzyp,2026-04-08T06:37:18.790Z,"19 km WNW of Pawnee, Texas",earthquake,0.745597053,0.711398021,0.1,21,reviewed,tx,tx
2026-04-08T06:17:52.045Z,28.749,-98.17,5.2422,2.5,ml,30,60,0.2,0.3,tx,tx2026gwnzal,2026-04-09T06:43:15.040Z,"19 km WNW of Pawnee, Texas",earthquake,1.085814986,0.743551035,0.2,18,reviewed,tx,tx
2026-04-08T04:04:00.850Z,34.529,-118.6048333,11.46,2.69,ml,111,14,0.03374,0.25,ci,ci41435216,2026-04-08T23:16:40.400Z,"5 km NNE of Castaic, CA",earthquake,0.15,0.29,0.143253444,192,reviewed,ci,ci
2026-04-07T06:32:50.122Z,28.746,-98.175,7.1065,2.9,ml,25,60,0.1,0.2,tx,tx2026gustao,2026-04-07T06:44:08.985Z,"19 km WNW of Pawnee, Texas",earthquake,0.730513582,1.033967734,0.1,20,reviewed,tx,tx
2026-04-07T04:24:44.966Z,35.0465,-110.7912,9.713,2.7,ml,31,60,0.669,0.6,us,us6000sn5t,2026-04-08T15:31:28.020Z,"3 km WNW of LeChee, Arizona",earthquake,2.02,2.705,0.041,77,reviewed,us,us
2026-04-07T01:16:27.300Z,31.155,-103.219,4.8181,2.7,ml,15,73,0,0.2,tx,tx2026guigfo,2026-04-07T15:27:49.338Z,"17 km WSW of Coyanosa, Texas",earthquake,0.815604528,0.767226966,0.2,19,reviewed,tx,tx
2026-04-06T22:05:57.507Z,32.167,-101.796,8.2764,2.7,ml,21,81,0.1,0.1,tx,tx2026gubyfq,2026-04-07T14:35:30.852Z,"4 km N of Stanton, Texas",earthquake,0.40776222,0.581918683,0.1,17,reviewed,tx,tx
2026-04-06T21:06:33.450Z,32.69733333,-116.6548333,19.33,2.95,ml,72,40,0.02259,0.28,ci,ci41433912,2026-04-07T20:46:21.478Z,"15 km N of Tecate, B.C., MX",earthquake,0.23,31.61,0.172222872,131,reviewed,ci,ci
2026-04-06T20:01:36.598Z,32.6413,-104.4093,10.916,4.3,mb,38,80,0.499,0.58,us,us6000sn3a,2026-04-12T20:11:50.076Z,"14 km S of Atoka, New Mexico",earthquake,2.71,8.471,0.075,50,reviewed,us,us
2026-04-06T19:42:48.591Z,31.749,-103.813,7.5482,2.6,ml,29,60,0,0.1,tx,tx2026gtxety,2026-04-06T20:17:40.098Z,"20 km WNW of Mentone, Texas",earthquake,0.334662705,0.698968274,0.2,37,reviewed,tx,tx
2026-04-06T15:59:32.248Z,28.751,-98.186,6.1637,3,ml,21,59,0.1,0.2,tx,tx2026gtpumg,2026-04-09T14:43:48.040Z,"20 km WNW of Pawnee, Texas",earthquake,1.02573959,0.957385125,0.2,18,reviewed,tx,tx
2026-04-06T15:53:00.823Z,31.751,-103.813,6.6254,2.5,ml,20,69,0,0.1,tx,tx2026gtporx,2026-04-07T19:42:04.040Z,"20 km WNW of Mentone, Texas",earthquake,0.466001104,0.671488348,0.2,24,reviewed,tx,tx
2026-04-06T14:50:20.964Z,31.748,-103.818,7.1252,2.7,ml,25,60,0,0.1,tx,tx2026gtnmmc,2026-04-09T14:40:49.040Z,"21 km WNW of Mentone, Texas",earthquake,0.522861891,0.778188432,0.2,19,reviewed,tx,tx
2026-04-06T03:59:40.000Z,34.84483333,-116.406,1.92,3.16,ml,33,68,0.0604,0.14,ci,ci41433384,2026-04-06T15:27:13.240Z,"26 km WNW of Ludlow, CA",earthquake,0.17,0.3,0.16201768,167,reviewed,ci,ci
2026-04-06T02:18:39.472Z,43.552,-110.3739,11.565,3.1,ml,50,79,0.178,0.48,us,us6000smyr,2026-04-06T02:24:47.040Z,"21 km ESE of Kelly, Wyoming",earthquake,2.39,7.931,0.031,137,reviewed,us,us
